{
  "hash": "51a4e8d8",
  "configHash": "f9ebb038",
  "lockfileHash": "f3e2fac7",
  "browserHash": "64f44b70",
  "optimized": {
    "@angular/core": {
      "src": "../../../../../../node_modules/@angular/core/fesm2022/core.mjs",
      "file": "@angular_core.js",
      "fileHash": "b8d012b8",
      "needsInterop": false
    },
    "@angular/platform-browser": {
      "src": "../../../../../../node_modules/@angular/platform-browser/fesm2022/platform-browser.mjs",
      "file": "@angular_platform-browser.js",
      "fileHash": "86b8ec42",
      "needsInterop": false
    },
    "@angular/router": {
      "src": "../../../../../../node_modules/@angular/router/fesm2022/router.mjs",
      "file": "@angular_router.js",
      "fileHash": "728bf3a2",
      "needsInterop": false
    },
    "@angular/common": {
      "src": "../../../../../../node_modules/@angular/common/fesm2022/common.mjs",
      "file": "@angular_common.js",
      "fileHash": "369fae9e",
      "needsInterop": false
    },
    "rxjs/operators": {
      "src": "../../../../../../node_modules/rxjs/dist/esm5/operators/index.js",
      "file": "rxjs_operators.js",
      "fileHash": "e9547488",
      "needsInterop": false
    },
    "primeng/imagecompare": {
      "src": "../../../../../../node_modules/primeng/fesm2022/primeng-imagecompare.mjs",
      "file": "primeng_imagecompare.js",
      "fileHash": "118b53a5",
      "needsInterop": false
    },
    "primeng/api": {
      "src": "../../../../../../node_modules/primeng/fesm2022/primeng-api.mjs",
      "file": "primeng_api.js",
      "fileHash": "21fd5e1a",
      "needsInterop": false
    },
    "primeng/card": {
      "src": "../../../../../../node_modules/primeng/fesm2022/primeng-card.mjs",
      "file": "primeng_card.js",
      "fileHash": "12f606d8",
      "needsInterop": false
    },
    "@angular/animations": {
      "src": "../../../../../../node_modules/@angular/animations/fesm2022/animations.mjs",
      "file": "@angular_animations.js",
      "fileHash": "b11cacb2",
      "needsInterop": false
    },
    "@angular/platform-browser/animations/async": {
      "src": "../../../../../../node_modules/@angular/platform-browser/fesm2022/animations/async.mjs",
      "file": "@angular_platform-browser_animations_async.js",
      "fileHash": "0ba4e025",
      "needsInterop": false
    },
    "primeng/button": {
      "src": "../../../../../../node_modules/primeng/fesm2022/primeng-button.mjs",
      "file": "primeng_button.js",
      "fileHash": "c2e047a4",
      "needsInterop": false
    },
    "primeng/ripple": {
      "src": "../../../../../../node_modules/primeng/fesm2022/primeng-ripple.mjs",
      "file": "primeng_ripple.js",
      "fileHash": "981657b1",
      "needsInterop": false
    }
  },
  "chunks": {
    "browser-UXJVD66E": {
      "file": "browser-UXJVD66E.js"
    },
    "chunk-SZJPLAKF": {
      "file": "chunk-SZJPLAKF.js"
    },
    "chunk-2H7JOLSG": {
      "file": "chunk-2H7JOLSG.js"
    },
    "chunk-R2OQ5VJS": {
      "file": "chunk-R2OQ5VJS.js"
    },
    "chunk-WH4SBXAJ": {
      "file": "chunk-WH4SBXAJ.js"
    },
    "chunk-YOYQHUWJ": {
      "file": "chunk-YOYQHUWJ.js"
    },
    "chunk-S47N7END": {
      "file": "chunk-S47N7END.js"
    },
    "chunk-B3FLLJY6": {
      "file": "chunk-B3FLLJY6.js"
    },
    "chunk-5HPTMTVV": {
      "file": "chunk-5HPTMTVV.js"
    },
    "chunk-E5QS6I6Y": {
      "file": "chunk-E5QS6I6Y.js"
    }
  }
}